{"loss": 2.1882522106170654, "charge_loss": 0.0006250287988223135, "cls_loss": 0.021329231560230255, "cos_phi_loss": 0.0011543480213731527, "energy_loss": 1.9696829319000244, "eta_loss": 0.001243000035174191, "pt_loss": 0.1930684745311737, "sin_phi_loss": 0.0011550200870260596, "cls_acc_unweighted": 0.9000466856343283, "cls_acc_weighted": 0.7274269711284855, "cls_rec_cls0": 0.9010426841008418, "cls_rec_cls1": 0.9854118386337909, "cls_rec_cls2": 0.6597051577369994, "cls_rec_cls3": 0.7574305244717079, "cls_rec_cls4": 0.8933430285904946, "cls_rec_cls5": 0.8905128980086603, "cls_rec_cls6": 0.36882753129216583, "cls_rec_cls7": 0.18983658569000766, "val_loss": 2.2773964405059814, "val_charge_loss": 0.0006361654377542436, "val_cls_loss": 0.021334897726774216, "val_cos_phi_loss": 0.0011551285861060023, "val_energy_loss": 2.052638053894043, "val_eta_loss": 0.0012442610459402204, "val_pt_loss": 0.19922836124897003, "val_sin_phi_loss": 0.001155779231339693, "val_cls_acc_unweighted": 0.900037979477612, "val_cls_acc_weighted": 0.7286507557342321, "val_cls_rec_cls0": 0.8992277428351501, "val_cls_rec_cls1": 0.9848029604953625, "val_cls_rec_cls2": 0.6692904106350634, "val_cls_rec_cls3": 0.7607742157575915, "val_cls_rec_cls4": 0.8999197322645455, "val_cls_rec_cls5": 0.8939682802538912, "val_cls_rec_cls6": 0.3673994094224104, "val_cls_rec_cls7": 0.17457955723882954, "val_jet_wd": 17.599157921474713, "val_jet_iqr": 0.31153080527189403, "val_jet_med": -0.0043681612532103795, "val_met_wd": 193.25435546875002, "val_met_iqr": 0.11867046111728996, "val_met_med": -0.06234896369278431, "learning_rate": 9.999999747378752e-05, "adam_beta_1": 0.8999999761581421}