{"loss": 2.9926018714904785, "charge_loss": 0.0008666529902257025, "cls_loss": 0.02279788814485073, "cos_phi_loss": 0.0011639870936051011, "energy_loss": 2.6645565032958984, "eta_loss": 0.0012540826573967934, "pt_loss": 0.30079367756843567, "sin_phi_loss": 0.0011654007248580456, "cls_acc_unweighted": 0.8955586777052239, "cls_acc_weighted": 0.6976430115770244, "cls_rec_cls0": 0.893274348585684, "cls_rec_cls1": 0.9889618168870347, "cls_rec_cls2": 0.653043742863292, "cls_rec_cls3": 0.7558482682318518, "cls_rec_cls4": 0.8909148842463601, "cls_rec_cls5": 0.8756012669510203, "cls_rec_cls6": 0.23447019218138326, "cls_rec_cls7": 0.15297999949100924, "val_loss": 2.9056828022003174, "val_charge_loss": 0.0008441638201475143, "val_cls_loss": 0.022562973201274872, "val_cos_phi_loss": 0.0011620991863310337, "val_energy_loss": 2.59647798538208, "val_eta_loss": 0.0012521672761067748, "val_pt_loss": 0.2822180390357971, "val_sin_phi_loss": 0.001163432956673205, "val_cls_acc_unweighted": 0.8957809253731344, "val_cls_acc_weighted": 0.7031851627833076, "val_cls_rec_cls0": 0.8901020972580046, "val_cls_rec_cls1": 0.9905527774090581, "val_cls_rec_cls2": 0.6491882847174424, "val_cls_rec_cls3": 0.7624937138320212, "val_cls_rec_cls4": 0.902470576471905, "val_cls_rec_cls5": 0.8882837211310641, "val_cls_rec_cls6": 0.2590329918519163, "val_cls_rec_cls7": 0.14667027368231209, "val_jet_wd": 17.234819014415557, "val_jet_iqr": 0.3476278135398728, "val_jet_med": -0.008940403270143647, "val_met_wd": 234.48361328125003, "val_met_iqr": 0.12702065985649824, "val_met_med": -0.08516308292746544, "learning_rate": 9.999999747378752e-05, "adam_beta_1": 0.8999999761581421}
