{"loss": 2.3177435398101807, "charge_loss": 0.0006650529685430229, "cls_loss": 0.0215725339949131, "cos_phi_loss": 0.0011556402314454317, "energy_loss": 2.081660270690918, "eta_loss": 0.001244504121132195, "pt_loss": 0.21028460562229156, "sin_phi_loss": 0.0011563869193196297, "cls_acc_unweighted": 0.8990664561567164, "cls_acc_weighted": 0.7227305761446002, "cls_rec_cls0": 0.8992921445288767, "cls_rec_cls1": 0.9861873439756125, "cls_rec_cls2": 0.6586967570484684, "cls_rec_cls3": 0.7571171225949801, "cls_rec_cls4": 0.8925752440182148, "cls_rec_cls5": 0.8883824132354086, "cls_rec_cls6": 0.3422697118475118, "cls_rec_cls7": 0.18714741786161673, "val_loss": 2.332822561264038, "val_charge_loss": 0.0006901464075781405, "val_cls_loss": 0.021588318049907684, "val_cos_phi_loss": 0.0011564426822587848, "val_energy_loss": 2.0983872413635254, "val_eta_loss": 0.00124543032143265, "val_pt_loss": 0.2085973173379898, "val_sin_phi_loss": 0.0011588812340050936, "val_cls_acc_unweighted": 0.8990504141791045, "val_cls_acc_weighted": 0.7245674001353966, "val_cls_rec_cls0": 0.8981802901192063, "val_cls_rec_cls1": 0.9856061135502359, "val_cls_rec_cls2": 0.6643610062712773, "val_cls_rec_cls3": 0.7588395317101311, "val_cls_rec_cls4": 0.8971583759512676, "val_cls_rec_cls5": 0.8915236659333821, "val_cls_rec_cls6": 0.3463974914457652, "val_cls_rec_cls7": 0.17742008205960594, "val_jet_wd": 9.783329935375452, "val_jet_iqr": 0.3221687729751327, "val_jet_med": -0.005640349237234622, "val_met_wd": 184.56836572265627, "val_met_iqr": 0.12227110812091269, "val_met_med": -0.06218493543565273, "learning_rate": 9.999999747378752e-05, "adam_beta_1": 0.8999999761581421}
