{"loss": 2.4321889877319336, "charge_loss": 0.0007177990046329796, "cls_loss": 0.02198134735226631, "cos_phi_loss": 0.001157692400738597, "energy_loss": 2.177952527999878, "eta_loss": 0.0012469093780964613, "pt_loss": 0.22798089683055878, "sin_phi_loss": 0.0011586457258090377, "cls_acc_unweighted": 0.8971975079291045, "cls_acc_weighted": 0.7102419441275052, "cls_rec_cls0": 0.896260684581063, "cls_rec_cls1": 0.9874844470555679, "cls_rec_cls2": 0.6547011045418054, "cls_rec_cls3": 0.7572231237301155, "cls_rec_cls4": 0.892501652150447, "cls_rec_cls5": 0.8756198830930588, "cls_rec_cls6": 0.2763553499236301, "cls_rec_cls7": 0.18129967961859625, "val_loss": 2.460587978363037, "val_charge_loss": 0.0007289375062100589, "val_cls_loss": 0.021957555785775185, "val_cos_phi_loss": 0.0011589133646339178, "val_energy_loss": 2.2110660076141357, "val_eta_loss": 0.0012483312748372555, "val_pt_loss": 0.22326768934726715, "val_sin_phi_loss": 0.0011606889311224222, "val_cls_acc_unweighted": 0.8973535858208955, "val_cls_acc_weighted": 0.711328991688976, "val_cls_rec_cls0": 0.89509188087819, "val_cls_rec_cls1": 0.9876188361669451, "val_cls_rec_cls2": 0.6518710316905472, "val_cls_rec_cls3": 0.7641577058636679, "val_cls_rec_cls4": 0.8989542145434901, "val_cls_rec_cls5": 0.8670196275854507, "val_cls_rec_cls6": 0.2902542903854971, "val_cls_rec_cls7": 0.16431083457324497, "val_jet_wd": 6.899616477265421, "val_jet_iqr": 0.33429077316117256, "val_jet_med": -0.0041081876189871195, "val_met_wd": 183.23144848632813, "val_met_iqr": 0.13527876813896, "val_met_med": -0.059738609939813614, "learning_rate": 9.999999747378752e-05, "adam_beta_1": 0.8999999761581421}
