{"loss": 2.2035210132598877, "charge_loss": 0.000630956725217402, "cls_loss": 0.021353542804718018, "cos_phi_loss": 0.0011544257868081331, "energy_loss": 1.982951045036316, "eta_loss": 0.001243134611286223, "pt_loss": 0.19503504037857056, "sin_phi_loss": 0.0011551162460818887, "cls_acc_unweighted": 0.8999541026119403, "cls_acc_weighted": 0.7268979558848451, "cls_rec_cls0": 0.9008544301438051, "cls_rec_cls1": 0.985483039506977, "cls_rec_cls2": 0.6597079062638295, "cls_rec_cls3": 0.7574601768598692, "cls_rec_cls4": 0.8933344827658017, "cls_rec_cls5": 0.8903577499870355, "cls_rec_cls6": 0.3660314097287663, "cls_rec_cls7": 0.1883916174877913, "val_loss": 2.2283363342285156, "val_charge_loss": 0.000646029191557318, "val_cls_loss": 0.021356647834181786, "val_cos_phi_loss": 0.0011552355717867613, "val_energy_loss": 2.0041685104370117, "val_eta_loss": 0.0012443913146853447, "val_pt_loss": 0.19861048460006714, "val_sin_phi_loss": 0.001155879464931786, "val_cls_acc_unweighted": 0.899954947761194, "val_cls_acc_weighted": 0.7299566501504178, "val_cls_rec_cls0": 0.898629699795567, "val_cls_rec_cls1": 0.9846170722011606, "val_cls_rec_cls2": 0.672847980452283, "val_cls_rec_cls3": 0.761157680866509, "val_cls_rec_cls4": 0.9014302765653878, "val_cls_rec_cls5": 0.8952615413077801, "val_cls_rec_cls6": 0.37269632724426116, "val_cls_rec_cls7": 0.16958609495468688, "val_jet_wd": 14.099871278118158, "val_jet_iqr": 0.309433339845543, "val_jet_med": -0.003747540354903949, "val_met_wd": 189.58389770507813, "val_met_iqr": 0.1209388873539865, "val_met_med": -0.06364525109529495, "learning_rate": 9.999999747378752e-05, "adam_beta_1": 0.8999999761581421}
