{"loss": 2.2681801319122314, "charge_loss": 0.0006513195694424212, "cls_loss": 0.021449102088809013, "cos_phi_loss": 0.0011549434857442975, "energy_loss": 2.0385119915008545, "eta_loss": 0.001243748003616929, "pt_loss": 0.20401431620121002, "sin_phi_loss": 0.0011556317331269383, "cls_acc_unweighted": 0.8995480783582089, "cls_acc_weighted": 0.7249036744619974, "cls_rec_cls0": 0.9002283548363992, "cls_rec_cls1": 0.9858110590088658, "cls_rec_cls2": 0.6589392447256983, "cls_rec_cls3": 0.75719130793668, "cls_rec_cls4": 0.8927257419591662, "cls_rec_cls5": 0.8889229295770996, "cls_rec_cls6": 0.35499668284828345, "cls_rec_cls7": 0.18909289364072604, "val_loss": 2.2479755878448486, "val_charge_loss": 0.000644229119643569, "val_cls_loss": 0.021462250500917435, "val_cos_phi_loss": 0.0011555622331798077, "val_energy_loss": 2.0171098709106445, "val_eta_loss": 0.0012450091307982802, "val_pt_loss": 0.20520202815532684, "val_sin_phi_loss": 0.0011561887804418802, "val_cls_acc_unweighted": 0.8995312630597015, "val_cls_acc_weighted": 0.7315539591733111, "val_cls_rec_cls0": 0.8966219017644234, "val_cls_rec_cls1": 0.9852257596832258, "val_cls_rec_cls2": 0.6736231659621947, "val_cls_rec_cls3": 0.7657982330416289, "val_cls_rec_cls4": 0.9046579173201964, "val_cls_rec_cls5": 0.890598152239321, "val_cls_rec_cls6": 0.37703794232507126, "val_cls_rec_cls7": 0.18003516840254294, "val_jet_wd": 17.445347859256003, "val_jet_iqr": 0.3157768785825179, "val_jet_med": -0.002825463242138929, "val_met_wd": 219.17767541503906, "val_met_iqr": 0.12081922008655965, "val_met_med": -0.07357827946543694, "learning_rate": 9.999999747378752e-05, "adam_beta_1": 0.8999999761581421}
