{"loss": 2.2448246479034424, "charge_loss": 0.000641494698356837, "cls_loss": 0.02140919864177704, "cos_phi_loss": 0.0011546736350283027, "energy_loss": 2.019178867340088, "eta_loss": 0.001243498409166932, "pt_loss": 0.2000376135110855, "sin_phi_loss": 0.0011553600197657943, "cls_acc_unweighted": 0.899745786380597, "cls_acc_weighted": 0.7259572717432862, "cls_rec_cls0": 0.9005296995219886, "cls_rec_cls1": 0.9856916833323999, "cls_rec_cls2": 0.6593104722238068, "cls_rec_cls3": 0.7573286040454625, "cls_rec_cls4": 0.8929153627617504, "cls_rec_cls5": 0.8895721447416185, "cls_rec_cls6": 0.36103158082976994, "cls_rec_cls7": 0.18944918717003967, "val_loss": 2.2321269512176514, "val_charge_loss": 0.0006352565251290798, "val_cls_loss": 0.021446803584694862, "val_cos_phi_loss": 0.001155466539785266, "val_energy_loss": 2.004754066467285, "val_eta_loss": 0.0012448977213352919, "val_pt_loss": 0.2017362117767334, "val_sin_phi_loss": 0.0011560481507331133, "val_cls_acc_unweighted": 0.8995936231343283, "val_cls_acc_weighted": 0.7285811304383408, "val_cls_rec_cls0": 0.8985790745146859, "val_cls_rec_cls1": 0.9861338721639088, "val_cls_rec_cls2": 0.6632065996574261, "val_cls_rec_cls3": 0.7568261283387073, "val_cls_rec_cls4": 0.9017737009330435, "val_cls_rec_cls5": 0.8925929471748868, "val_cls_rec_cls6": 0.3748619749704785, "val_cls_rec_cls7": 0.17229135668875964, "val_jet_wd": 9.77824771433343, "val_jet_iqr": 0.3236285341955895, "val_jet_med": 0.0015161764987593786, "val_met_wd": 158.76873608398438, "val_met_iqr": 0.13441305654123425, "val_met_med": -0.04790628328919411, "learning_rate": 9.999999747378752e-05, "adam_beta_1": 0.8999999761581421}
