{"loss": 2.404367446899414, "charge_loss": 0.0007068875129334629, "cls_loss": 0.021888025104999542, "cos_phi_loss": 0.0011574318632483482, "energy_loss": 2.1547374725341797, "eta_loss": 0.0012463594321161509, "pt_loss": 0.22346729040145874, "sin_phi_loss": 0.0011583829764276743, "cls_acc_unweighted": 0.897735693097015, "cls_acc_weighted": 0.7127661305757983, "cls_rec_cls0": 0.8970405021263486, "cls_rec_cls1": 0.9872731444808253, "cls_rec_cls2": 0.6564488589476167, "cls_rec_cls3": 0.7571940036083311, "cls_rec_cls4": 0.892555079427409, "cls_rec_cls5": 0.879386542413203, "cls_rec_cls6": 0.28691651338101837, "cls_rec_cls7": 0.18400581380552594, "val_loss": 2.4098377227783203, "val_charge_loss": 0.0006961054750718176, "val_cls_loss": 0.021829448640346527, "val_cos_phi_loss": 0.0011589913628995419, "val_energy_loss": 2.170048952102661, "val_eta_loss": 0.0012471211375668645, "val_pt_loss": 0.21369661390781403, "val_sin_phi_loss": 0.0011600952129811049, "val_cls_acc_unweighted": 0.898044854477612, "val_cls_acc_weighted": 0.7189567593723349, "val_cls_rec_cls0": 0.8959562197250389, "val_cls_rec_cls1": 0.9870974967287213, "val_cls_rec_cls2": 0.6587558187380697, "val_cls_rec_cls3": 0.7593097664631849, "val_cls_rec_cls4": 0.8965400140918474, "val_cls_rec_cls5": 0.8953646367087873, "val_cls_rec_cls6": 0.3196976643732521, "val_cls_rec_cls7": 0.1693155687812796, "val_jet_wd": 13.098204049696957, "val_jet_iqr": 0.3306900960676148, "val_jet_med": -0.002691340729379114, "val_met_wd": 182.5982399902344, "val_met_iqr": 0.12308272033988032, "val_met_med": -0.0679377056658268, "learning_rate": 9.999999747378752e-05, "adam_beta_1": 0.8999999761581421}