{"loss": 2.2747740745544434, "charge_loss": 0.0006524117197841406, "cls_loss": 0.02147204801440239, "cos_phi_loss": 0.00115506025031209, "energy_loss": 2.0434327125549316, "eta_loss": 0.0012439097044989467, "pt_loss": 0.20566114783287048, "sin_phi_loss": 0.001155755016952753, "cls_acc_unweighted": 0.8994664258395523, "cls_acc_weighted": 0.7245268941871974, "cls_rec_cls0": 0.9000697321875136, "cls_rec_cls1": 0.985892173528515, "cls_rec_cls2": 0.6588330663416331, "cls_rec_cls3": 0.7572285608597725, "cls_rec_cls4": 0.892577891573116, "cls_rec_cls5": 0.8889751317512381, "cls_rec_cls6": 0.35246769962611674, "cls_rec_cls7": 0.18873942783783554, "val_loss": 2.2597737312316895, "val_charge_loss": 0.0006578999455086887, "val_cls_loss": 0.021541936323046684, "val_cos_phi_loss": 0.001155687845312059, "val_energy_loss": 2.0308406352996826, "val_eta_loss": 0.001245203078724444, "val_pt_loss": 0.20317652821540833, "val_sin_phi_loss": 0.0011564341839402914, "val_cls_acc_unweighted": 0.8992823694029851, "val_cls_acc_weighted": 0.7255863760591178, "val_cls_rec_cls0": 0.8978688193718583, "val_cls_rec_cls1": 0.9859529223028438, "val_cls_rec_cls2": 0.6626994244768981, "val_cls_rec_cls3": 0.7581920984323626, "val_cls_rec_cls4": 0.9043596770292962, "val_cls_rec_cls5": 0.8863811864720075, "val_cls_rec_cls6": 0.36024053579510523, "val_cls_rec_cls7": 0.1720771901348122, "val_jet_wd": 15.026886188119999, "val_jet_iqr": 0.3162733203266864, "val_jet_med": -0.006638247684383552, "val_met_wd": 205.61484436035158, "val_met_iqr": 0.12204000016208738, "val_met_med": -0.06802952662110329, "learning_rate": 9.999999747378752e-05, "adam_beta_1": 0.8999999761581421}