{"loss": 2.5786452293395996, "charge_loss": 0.0007830802351236343, "cls_loss": 0.022265780717134476, "cos_phi_loss": 0.001159418374300003, "energy_loss": 2.299726963043213, "eta_loss": 0.0012493100948631763, "pt_loss": 0.25229981541633606, "sin_phi_loss": 0.0011602897429838777, "cls_acc_unweighted": 0.8963588885261194, "cls_acc_weighted": 0.7062350785206826, "cls_rec_cls0": 0.894543748725169, "cls_rec_cls1": 0.988261243339424, "cls_rec_cls2": 0.6543390045044534, "cls_rec_cls3": 0.7570576346732374, "cls_rec_cls4": 0.8921047982735859, "cls_rec_cls5": 0.8755080849560505, "cls_rec_cls6": 0.26350069709860535, "cls_rec_cls7": 0.17306534027445913, "val_loss": 2.520864486694336, "val_charge_loss": 0.0007762145833112299, "val_cls_loss": 0.022284159436821938, "val_cos_phi_loss": 0.0011601458536460996, "val_energy_loss": 2.245455741882324, "val_eta_loss": 0.001250380533747375, "val_pt_loss": 0.24877284467220306, "val_sin_phi_loss": 0.0011635101400315762, "val_cls_acc_unweighted": 0.8958338302238806, "val_cls_acc_weighted": 0.7098344532041558, "val_cls_rec_cls0": 0.8896301728053542, "val_cls_rec_cls1": 0.9891669365017606, "val_cls_rec_cls2": 0.659670355519638, "val_cls_rec_cls3": 0.7705762581558376, "val_cls_rec_cls4": 0.9042228048147645, "val_cls_rec_cls5": 0.8662737828961253, "val_cls_rec_cls6": 0.2800997760640643, "val_cls_rec_cls7": 0.1572207944451959, "val_jet_wd": 7.550968067244388, "val_jet_iqr": 0.3542171369135318, "val_jet_med": -0.01599368526893515, "val_met_wd": 187.29210644531253, "val_met_iqr": 0.128741618944332, "val_met_med": -0.05600603669881821, "learning_rate": 9.999999747378752e-05, "adam_beta_1": 0.8999999761581421}