{"loss": 2.332930326461792, "charge_loss": 0.0006711392197757959, "cls_loss": 0.021614866331219673, "cos_phi_loss": 0.0011559075210243464, "energy_loss": 2.095134735107422, "eta_loss": 0.0012447338085621595, "pt_loss": 0.21195043623447418, "sin_phi_loss": 0.0011566702742129564, "cls_acc_unweighted": 0.8988497835820896, "cls_acc_weighted": 0.7213581938421578, "cls_rec_cls0": 0.8989479691265537, "cls_rec_cls1": 0.9863239611191279, "cls_rec_cls2": 0.6584133795228901, "cls_rec_cls3": 0.7571340807162158, "cls_rec_cls4": 0.8924923126941889, "cls_rec_cls5": 0.8867699595833225, "cls_rec_cls6": 0.3360225014378004, "cls_rec_cls7": 0.18592866777325026, "val_loss": 2.3560633659362793, "val_charge_loss": 0.0006658994825556874, "val_cls_loss": 0.0216200090944767, "val_cos_phi_loss": 0.0011565482709556818, "val_energy_loss": 2.1196789741516113, "val_eta_loss": 0.001245825202204287, "val_pt_loss": 0.21053867042064667, "val_sin_phi_loss": 0.0011591786751523614, "val_cls_acc_unweighted": 0.898802151119403, "val_cls_acc_weighted": 0.7289245986604656, "val_cls_rec_cls0": 0.8962087916282712, "val_cls_rec_cls1": 0.9851947192286921, "val_cls_rec_cls2": 0.6757700097733885, "val_cls_rec_cls3": 0.7625369156922672, "val_cls_rec_cls4": 0.8995357183807479, "val_cls_rec_cls5": 0.8947133163518363, "val_cls_rec_cls6": 0.3665900557112509, "val_cls_rec_cls7": 0.17278732134000632, "val_jet_wd": 11.628641773374927, "val_jet_iqr": 0.3378728504679198, "val_jet_med": -0.005334404272921953, "val_met_wd": 185.7096384277344, "val_met_iqr": 0.1317954494152218, "val_met_med": -0.058348266407847404, "learning_rate": 9.999999747378752e-05, "adam_beta_1": 0.8999999761581421}