{"loss": 2.4716010093688965, "charge_loss": 0.0007415518048219383, "cls_loss": 0.022110631689429283, "cos_phi_loss": 0.0011581570142880082, "energy_loss": 2.2108678817749023, "eta_loss": 0.0012474178802222013, "pt_loss": 0.23431406915187836, "sin_phi_loss": 0.0011590649373829365, "cls_acc_unweighted": 0.8965024454291045, "cls_acc_weighted": 0.7085462922862816, "cls_rec_cls0": 0.8950902728263865, "cls_rec_cls1": 0.987737668784709, "cls_rec_cls2": 0.6536734788634686, "cls_rec_cls3": 0.7571136199388221, "cls_rec_cls4": 0.8924997537837432, "cls_rec_cls5": 0.8729611576931054, "cls_rec_cls6": 0.272098798502995, "cls_rec_cls7": 0.17887349034755584, "val_loss": 2.405789613723755, "val_charge_loss": 0.000857420323882252, "val_cls_loss": 0.022079138085246086, "val_cos_phi_loss": 0.001159369945526123, "val_energy_loss": 2.1443350315093994, "val_eta_loss": 0.0012490132357925177, "val_pt_loss": 0.23495011031627655, "val_sin_phi_loss": 0.0011597003322094679, "val_cls_acc_unweighted": 0.8967045429104478, "val_cls_acc_weighted": 0.7077412995451399, "val_cls_rec_cls0": 0.8971012511230255, "val_cls_rec_cls1": 0.9878437672251977, "val_cls_rec_cls2": 0.6544592524427009, "val_cls_rec_cls3": 0.7535748967597896, "val_cls_rec_cls4": 0.886923446421039, "val_cls_rec_cls5": 0.860848700747284, "val_cls_rec_cls6": 0.287624259382385, "val_cls_rec_cls7": 0.16413048379097345, "val_jet_wd": 13.458790225948343, "val_jet_iqr": 0.36011168964422846, "val_jet_med": -0.011452540357430055, "val_met_wd": 201.9582810058594, "val_met_iqr": 0.13318939588498324, "val_met_med": -0.06767332926392555, "learning_rate": 9.999999747378752e-05, "adam_beta_1": 0.8999999761581421}
