{"loss": 4.049266338348389, "charge_loss": 0.0014702368061989546, "cls_loss": 0.02840546891093254, "cos_phi_loss": 0.0012071633245795965, "energy_loss": 3.2898895740509033, "eta_loss": 0.0012974744895473123, "pt_loss": 0.725792646408081, "sin_phi_loss": 0.0012122998014092445, "cls_acc_unweighted": 0.8880353600746269, "cls_acc_weighted": 0.6702120689761735, "cls_rec_cls0": 0.8873463452788364, "cls_rec_cls1": 0.9897849491208603, "cls_rec_cls2": 0.6315136209273244, "cls_rec_cls3": 0.7438292126834797, "cls_rec_cls4": 0.854418092321014, "cls_rec_cls5": 0.87650099988332, "cls_rec_cls6": 0.14423741018577155, "cls_rec_cls7": 0.10965074750947995, "val_loss": 3.1437788009643555, "val_charge_loss": 0.0009271485614590347, "val_cls_loss": 0.02312205359339714, "val_cos_phi_loss": 0.0011668914230540395, "val_energy_loss": 2.805913209915161, "val_eta_loss": 0.0012825977755710483, "val_pt_loss": 0.31019458174705505, "val_sin_phi_loss": 0.001173444208689034, "val_cls_acc_unweighted": 0.8931800130597015, "val_cls_acc_weighted": 0.6804347388617377, "val_cls_rec_cls0": 0.896455953763961, "val_cls_rec_cls1": 0.989604826659146, "val_cls_rec_cls2": 0.6358873468340355, "val_cls_rec_cls3": 0.7287172462031934, "val_cls_rec_cls4": 0.8700495798782005, "val_cls_rec_cls5": 0.8783498525857054, "val_cls_rec_cls6": 0.18808407253814208, "val_cls_rec_cls7": 0.12984129131160108, "val_jet_wd": 18.865083587907787, "val_jet_iqr": 0.3575093282386839, "val_jet_med": -0.012901404268567344, "val_met_wd": 248.26310876464845, "val_met_iqr": 0.14343092520721257, "val_met_med": -0.08352658525109291, "learning_rate": 9.999999747378752e-05, "adam_beta_1": 0.8999999761581421}
