{"loss": 2.5220608711242676, "charge_loss": 0.0007575003546662629, "cls_loss": 0.02221512235701084, "cos_phi_loss": 0.0011587210465222597, "energy_loss": 2.2531583309173584, "eta_loss": 0.001248156069777906, "pt_loss": 0.24236871302127838, "sin_phi_loss": 0.0011595579562708735, "cls_acc_unweighted": 0.8961552075559701, "cls_acc_weighted": 0.707378986010629, "cls_rec_cls0": 0.8943079838233988, "cls_rec_cls1": 0.9880366884070634, "cls_rec_cls2": 0.6541967866135043, "cls_rec_cls3": 0.7570424049869032, "cls_rec_cls4": 0.8922843812241349, "cls_rec_cls5": 0.8739958829763788, "cls_rec_cls6": 0.2686510212890124, "cls_rec_cls7": 0.17610514617931744, "val_loss": 2.4788050651550293, "val_charge_loss": 0.0008211320382542908, "val_cls_loss": 0.022348003461956978, "val_cos_phi_loss": 0.0011619861470535398, "val_energy_loss": 2.21920108795166, "val_eta_loss": 0.001249187858775258, "val_pt_loss": 0.23286083340644836, "val_sin_phi_loss": 0.0011606193147599697, "val_cls_acc_unweighted": 0.8959561884328359, "val_cls_acc_weighted": 0.7020171706964327, "val_cls_rec_cls0": 0.8953513028995725, "val_cls_rec_cls1": 0.9888972996277422, "val_cls_rec_cls2": 0.6326632330951986, "val_cls_rec_cls3": 0.7586869415504903, "val_cls_rec_cls4": 0.893623534243146, "val_cls_rec_cls5": 0.8506420134701621, "val_cls_rec_cls6": 0.27867419311562847, "val_cls_rec_cls7": 0.1474931241264259, "val_jet_wd": 9.689236996156664, "val_jet_iqr": 0.350578474504626, "val_jet_med": -0.006887183097959111, "val_met_wd": 189.68806127929687, "val_met_iqr": 0.1283171062823385, "val_met_med": -0.06950698792934418, "learning_rate": 9.999999747378752e-05, "adam_beta_1": 0.8999999761581421}
