{"loss": 2.346261978149414, "charge_loss": 0.0006781570264138281, "cls_loss": 0.021664362400770187, "cos_phi_loss": 0.001156336278654635, "energy_loss": 2.106261968612671, "eta_loss": 0.0012450480135157704, "pt_loss": 0.2140960544347763, "sin_phi_loss": 0.0011571139330044389, "cls_acc_unweighted": 0.8986329808768657, "cls_acc_weighted": 0.7200713970916376, "cls_rec_cls0": 0.8985472424473763, "cls_rec_cls1": 0.9865168810734807, "cls_rec_cls2": 0.6582492175113142, "cls_rec_cls3": 0.757205164032364, "cls_rec_cls4": 0.892585269172145, "cls_rec_cls5": 0.885056342695828, "cls_rec_cls6": 0.32905151538455596, "cls_rec_cls7": 0.1841330614945665, "val_loss": 2.3201687335968018, "val_charge_loss": 0.0006684385007247329, "val_cls_loss": 0.02174730785191059, "val_cos_phi_loss": 0.0011568174231797457, "val_energy_loss": 2.083787202835083, "val_eta_loss": 0.0012485242914408445, "val_pt_loss": 0.21040435135364532, "val_sin_phi_loss": 0.0011573750525712967, "val_cls_acc_unweighted": 0.8983346436567164, "val_cls_acc_weighted": 0.7167412341009414, "val_cls_rec_cls0": 0.8979999893292335, "val_cls_rec_cls1": 0.9853752280175789, "val_cls_rec_cls2": 0.6586279821583374, "val_cls_rec_cls3": 0.7612060056577742, "val_cls_rec_cls4": 0.9000260417664852, "val_cls_rec_cls5": 0.8589943581345021, "val_cls_rec_cls6": 0.32112472155431293, "val_cls_rec_cls7": 0.17255061093827495, "val_jet_wd": 13.908743529462374, "val_jet_iqr": 0.3254853837152638, "val_jet_med": -0.011122612830287742, "val_met_wd": 224.8900693359375, "val_met_iqr": 0.11936726421117783, "val_met_med": -0.07530577853322029, "learning_rate": 9.999999747378752e-05, "adam_beta_1": 0.8999999761581421}
