{"loss": 2.2205350399017334, "charge_loss": 0.0006335097714327276, "cls_loss": 0.0213724784553051, "cos_phi_loss": 0.0011545090237632394, "energy_loss": 1.9974154233932495, "eta_loss": 0.0012433083029463887, "pt_loss": 0.19756264984607697, "sin_phi_loss": 0.0011551855131983757, "cls_acc_unweighted": 0.8998787276119403, "cls_acc_weighted": 0.7267458724158197, "cls_rec_cls0": 0.9007260351288183, "cls_rec_cls1": 0.9855717794536969, "cls_rec_cls2": 0.659641926921904, "cls_rec_cls3": 0.7573465351267421, "cls_rec_cls4": 0.893071981189332, "cls_rec_cls5": 0.8906703755801592, "cls_rec_cls6": 0.36432518316086476, "cls_rec_cls7": 0.18916641452772728, "val_loss": 2.2370707988739014, "val_charge_loss": 0.0006322339759208262, "val_cls_loss": 0.021372081711888313, "val_cos_phi_loss": 0.0011552360374480486, "val_energy_loss": 2.006268262863159, "val_eta_loss": 0.0012444553431123495, "val_pt_loss": 0.20524471998214722, "val_sin_phi_loss": 0.0011557808611541986, "val_cls_acc_unweighted": 0.8998765858208955, "val_cls_acc_weighted": 0.729115196987224, "val_cls_rec_cls0": 0.8988569911788533, "val_cls_rec_cls1": 0.9851345207526705, "val_cls_rec_cls2": 0.665262383404932, "val_cls_rec_cls3": 0.7615462002957624, "val_cls_rec_cls4": 0.9004029226583904, "val_cls_rec_cls5": 0.8932655334851437, "val_cls_rec_cls6": 0.3762654444295383, "val_cls_rec_cls7": 0.16896613914062852, "val_jet_wd": 9.407317230674883, "val_jet_iqr": 0.33010863419571457, "val_jet_med": 3.243902385599548e-05, "val_met_wd": 148.15033447265625, "val_met_iqr": 0.11802029516547918, "val_met_med": -0.047656670212745667, "learning_rate": 9.999999747378752e-05, "adam_beta_1": 0.8999999761581421}
