{"loss": 2.300605535507202, "charge_loss": 0.0006616826867684722, "cls_loss": 0.021531779319047928, "cos_phi_loss": 0.001155392499640584, "energy_loss": 2.0664196014404297, "eta_loss": 0.001244262559339404, "pt_loss": 0.208431676030159, "sin_phi_loss": 0.001156112179160118, "cls_acc_unweighted": 0.8992228913246268, "cls_acc_weighted": 0.7232934692162355, "cls_rec_cls0": 0.8995952266678131, "cls_rec_cls1": 0.9860893171298599, "cls_rec_cls2": 0.6586937880515719, "cls_rec_cls3": 0.7571352024819135, "cls_rec_cls4": 0.8925283372181916, "cls_rec_cls5": 0.8888315707081184, "cls_rec_cls6": 0.3453646162388467, "cls_rec_cls7": 0.18759137091004718, "val_loss": 2.3072152137756348, "val_charge_loss": 0.000676515803206712, "val_cls_loss": 0.02162289246916771, "val_cos_phi_loss": 0.0011565408203750849, "val_energy_loss": 2.066887140274048, "val_eta_loss": 0.0012463361490517855, "val_pt_loss": 0.21446684002876282, "val_sin_phi_loss": 0.001158268889412284, "val_cls_acc_unweighted": 0.8989313805970149, "val_cls_acc_weighted": 0.7241501101875861, "val_cls_rec_cls0": 0.8993513391179662, "val_cls_rec_cls1": 0.9862713212814089, "val_cls_rec_cls2": 0.6626621192250002, "val_cls_rec_cls3": 0.7539703687382832, "val_cls_rec_cls4": 0.8896113913017454, "val_cls_rec_cls5": 0.8945587945390325, "val_cls_rec_cls6": 0.3568955019688377, "val_cls_rec_cls7": 0.17588710041029804, "val_jet_wd": 9.992655947285986, "val_jet_iqr": 0.3108907497619602, "val_jet_med": 0.005196358849731049, "val_met_wd": 179.87945239257812, "val_met_iqr": 0.1204137149034068, "val_met_med": -0.05706431157886982, "learning_rate": 9.999999747378752e-05, "adam_beta_1": 0.8999999761581421}