{"loss": 2.2283191680908203, "charge_loss": 0.0006400955026037991, "cls_loss": 0.021389061585068703, "cos_phi_loss": 0.0011546161258593202, "energy_loss": 2.004265546798706, "eta_loss": 0.0012434205273166299, "pt_loss": 0.19846557080745697, "sin_phi_loss": 0.001155315083451569, "cls_acc_unweighted": 0.8998098987873134, "cls_acc_weighted": 0.7261715172936071, "cls_rec_cls0": 0.9006267561830223, "cls_rec_cls1": 0.9856484554978322, "cls_rec_cls2": 0.6594969605041251, "cls_rec_cls3": 0.7572850097122016, "cls_rec_cls4": 0.8930655432500759, "cls_rec_cls5": 0.8898444387364846, "cls_rec_cls6": 0.36202875012004665, "cls_rec_cls7": 0.1883350629593288, "val_loss": 2.2368881702423096, "val_charge_loss": 0.0006517873262055218, "val_cls_loss": 0.021480074152350426, "val_cos_phi_loss": 0.0011557313846424222, "val_energy_loss": 2.007612705230713, "val_eta_loss": 0.0012449866626411676, "val_pt_loss": 0.20358768105506897, "val_sin_phi_loss": 0.0011563500156626105, "val_cls_acc_unweighted": 0.8994275671641792, "val_cls_acc_weighted": 0.7285835292690078, "val_cls_rec_cls0": 0.8982851280330698, "val_cls_rec_cls1": 0.9832286399948168, "val_cls_rec_cls2": 0.6708273282648323, "val_cls_rec_cls3": 0.7622554517991768, "val_cls_rec_cls4": 0.9017503219809694, "val_cls_rec_cls5": 0.8931296092740904, "val_cls_rec_cls6": 0.36665934464462885, "val_cls_rec_cls7": 0.16691464899229, "val_jet_wd": 13.642698079077396, "val_jet_iqr": 0.3102559299069829, "val_jet_med": -0.006211361358044402, "val_met_wd": 200.65778637695314, "val_met_iqr": 0.11734617478214204, "val_met_med": -0.06700027361512184, "learning_rate": 9.999999747378752e-05, "adam_beta_1": 0.8999999761581421}
