{"loss": 2.2515406608581543, "charge_loss": 0.0006459568976424634, "cls_loss": 0.021433265879750252, "cos_phi_loss": 0.0011548105394467711, "energy_loss": 2.024662733078003, "eta_loss": 0.0012436289107427, "pt_loss": 0.2012425810098648, "sin_phi_loss": 0.0011555064702406526, "cls_acc_unweighted": 0.8996290811567165, "cls_acc_weighted": 0.7255170979232359, "cls_rec_cls0": 0.9003356098502341, "cls_rec_cls1": 0.985778322295595, "cls_rec_cls2": 0.6590394704179658, "cls_rec_cls3": 0.7572598558334197, "cls_rec_cls4": 0.8928571546482404, "cls_rec_cls5": 0.8892276549576063, "cls_rec_cls6": 0.3581622353959774, "cls_rec_cls7": 0.18954250214200277, "val_loss": 2.223574161529541, "val_charge_loss": 0.0006549960235133767, "val_cls_loss": 0.021454282104969025, "val_cos_phi_loss": 0.0011555395321920514, "val_energy_loss": 1.9945088624954224, "val_eta_loss": 0.001245063729584217, "val_pt_loss": 0.20340149104595184, "val_sin_phi_loss": 0.0011560451239347458, "val_cls_acc_unweighted": 0.8994900485074627, "val_cls_acc_weighted": 0.7242061010259286, "val_cls_rec_cls0": 0.9012089045233576, "val_cls_rec_cls1": 0.9859461329418167, "val_cls_rec_cls2": 0.6599693850191038, "val_cls_rec_cls3": 0.7511268675799404, "val_cls_rec_cls4": 0.8915453967084517, "val_cls_rec_cls5": 0.8847775071871645, "val_cls_rec_cls6": 0.3662509822074865, "val_cls_rec_cls7": 0.17516569728121195, "val_jet_wd": 10.048818212991046, "val_jet_iqr": 0.31543465948509475, "val_jet_med": -0.00011902790071013282, "val_met_wd": 174.95761645507815, "val_met_iqr": 0.1283322013914585, "val_met_med": -0.05149768851697445, "learning_rate": 9.999999747378752e-05, "adam_beta_1": 0.8999999761581421}
