{"loss": 2.281686544418335, "charge_loss": 0.0006556022563017905, "cls_loss": 0.021502051502466202, "cos_phi_loss": 0.0011552013456821442, "energy_loss": 2.0502843856811523, "eta_loss": 0.001244085025973618, "pt_loss": 0.20568306744098663, "sin_phi_loss": 0.0011559175327420235, "cls_acc_unweighted": 0.899336807369403, "cls_acc_weighted": 0.723787164140946, "cls_rec_cls0": 0.8998317357097868, "cls_rec_cls1": 0.9859618331548752, "cls_rec_cls2": 0.6589381570733698, "cls_rec_cls3": 0.7572128618632995, "cls_rec_cls4": 0.8925127439452006, "cls_rec_cls5": 0.8886830264539632, "cls_rec_cls6": 0.34841352573671863, "cls_rec_cls7": 0.1882134707231345, "val_loss": 2.3902528285980225, "val_charge_loss": 0.0006456414703279734, "val_cls_loss": 0.02210228703916073, "val_cos_phi_loss": 0.0011559802806004882, "val_energy_loss": 2.15789794921875, "val_eta_loss": 0.0012460306752473116, "val_pt_loss": 0.20604771375656128, "val_sin_phi_loss": 0.0011572475777938962, "val_cls_acc_unweighted": 0.898821104477612, "val_cls_acc_weighted": 0.7255551866177694, "val_cls_rec_cls0": 0.8992353334152327, "val_cls_rec_cls1": 0.985957695333914, "val_cls_rec_cls2": 0.6633780275708724, "val_cls_rec_cls3": 0.750024705563542, "val_cls_rec_cls4": 0.8935366691247989, "val_cls_rec_cls5": 0.8958245634859863, "val_cls_rec_cls6": 0.36394675661451326, "val_cls_rec_cls7": 0.17913341449118536, "val_jet_wd": 12.225612531390558, "val_jet_iqr": 0.3052408777521344, "val_jet_med": 0.0008463703813213976, "val_met_wd": 210.21569628906252, "val_met_iqr": 0.12061448162421584, "val_met_med": -0.06732030585408211, "learning_rate": 9.999999747378752e-05, "adam_beta_1": 0.8999999761581421}