{"loss": 2.207150936126709, "charge_loss": 0.000632460112683475, "cls_loss": 0.021356897428631783, "cos_phi_loss": 0.0011545013403519988, "energy_loss": 1.9855341911315918, "eta_loss": 0.0012432117946445942, "pt_loss": 0.19607679545879364, "sin_phi_loss": 0.001155196805484593, "cls_acc_unweighted": 0.8999189524253731, "cls_acc_weighted": 0.7268249932424683, "cls_rec_cls0": 0.9008079496769925, "cls_rec_cls1": 0.9855261806217743, "cls_rec_cls2": 0.6596102821183475, "cls_rec_cls3": 0.7574370661971795, "cls_rec_cls4": 0.8931565569179606, "cls_rec_cls5": 0.8903342519187388, "cls_rec_cls6": 0.3650530063550224, "cls_rec_cls7": 0.18924276314115163, "val_loss": 2.268876314163208, "val_charge_loss": 0.0006291642202995718, "val_cls_loss": 0.02140604890882969, "val_cos_phi_loss": 0.0011554535012692213, "val_energy_loss": 2.036900758743286, "val_eta_loss": 0.00124507793225348, "val_pt_loss": 0.20638597011566162, "val_sin_phi_loss": 0.0011560446582734585, "val_cls_acc_unweighted": 0.8997041473880597, "val_cls_acc_weighted": 0.7289548452399458, "val_cls_rec_cls0": 0.8998002517719339, "val_cls_rec_cls1": 0.9846244680364326, "val_cls_rec_cls2": 0.6579362781648777, "val_cls_rec_cls3": 0.7561375743914193, "val_cls_rec_cls4": 0.9013995361626063, "val_cls_rec_cls5": 0.8943566466939205, "val_cls_rec_cls6": 0.3777028212389746, "val_cls_rec_cls7": 0.17816402903647593, "val_jet_wd": 7.38267420675848, "val_jet_iqr": 0.32874037562506253, "val_jet_med": -3.4424308317129315e-05, "val_met_wd": 130.86593188476564, "val_met_iqr": 0.12613424891605973, "val_met_med": -0.04202898591756821, "learning_rate": 9.999999747378752e-05, "adam_beta_1": 0.8999999761581421}
