{"loss": 2.695152759552002, "charge_loss": 0.0008224578341469169, "cls_loss": 0.022407565265893936, "cos_phi_loss": 0.001160661457106471, "energy_loss": 2.3986456394195557, "eta_loss": 0.0012510230299085379, "pt_loss": 0.26970145106315613, "sin_phi_loss": 0.0011618385324254632, "cls_acc_unweighted": 0.8962888978544776, "cls_acc_weighted": 0.7033211441254713, "cls_rec_cls0": 0.8944161434617036, "cls_rec_cls1": 0.9885701411319718, "cls_rec_cls2": 0.6540465436121319, "cls_rec_cls3": 0.7569548042431864, "cls_rec_cls4": 0.8917832632067785, "cls_rec_cls5": 0.8747155113179661, "cls_rec_cls6": 0.254182131683012, "cls_rec_cls7": 0.16527212625232934, "val_loss": 2.7147066593170166, "val_charge_loss": 0.000831844110507518, "val_cls_loss": 0.02237267792224884, "val_cos_phi_loss": 0.0011607458582147956, "val_energy_loss": 2.426060438156128, "val_eta_loss": 0.0012528266524896026, "val_pt_loss": 0.2618641257286072, "val_sin_phi_loss": 0.001162379514425993, "val_cls_acc_unweighted": 0.8960613638059701, "val_cls_acc_weighted": 0.7029186664095814, "val_cls_rec_cls0": 0.890243133278935, "val_cls_rec_cls1": 0.9909809245970808, "val_cls_rec_cls2": 0.6458210010591167, "val_cls_rec_cls3": 0.7682085492158954, "val_cls_rec_cls4": 0.9020824249451236, "val_cls_rec_cls5": 0.8794180826584156, "val_cls_rec_cls6": 0.23897753122056142, "val_cls_rec_cls7": 0.14911628116686956, "val_jet_wd": 10.70081620228747, "val_jet_iqr": 0.3796251944465562, "val_jet_med": -0.02425065675687161, "val_met_wd": 205.27471630859375, "val_met_iqr": 0.1292033153004013, "val_met_med": -0.0725705660879612, "learning_rate": 9.999999747378752e-05, "adam_beta_1": 0.8999999761581421}