{"loss": 2.381404161453247, "charge_loss": 0.0006989966495893896, "cls_loss": 0.021796490997076035, "cos_phi_loss": 0.001157220103777945, "energy_loss": 2.1354658603668213, "eta_loss": 0.0012457759585231543, "pt_loss": 0.21988582611083984, "sin_phi_loss": 0.0011580963619053364, "cls_acc_unweighted": 0.8981389472947762, "cls_acc_weighted": 0.7164954892646445, "cls_rec_cls0": 0.8975882872960382, "cls_rec_cls1": 0.9870737343400305, "cls_rec_cls2": 0.6575360409399391, "cls_rec_cls3": 0.7571766963661385, "cls_rec_cls4": 0.8925563174926504, "cls_rec_cls5": 0.8832147221069827, "cls_rec_cls6": 0.30787730622995313, "cls_rec_cls7": 0.18439321232549394, "val_loss": 2.524722099304199, "val_charge_loss": 0.0006928255315870047, "val_cls_loss": 0.021789638325572014, "val_cos_phi_loss": 0.001158243860118091, "val_energy_loss": 2.2759408950805664, "val_eta_loss": 0.0012483415193855762, "val_pt_loss": 0.22273100912570953, "val_sin_phi_loss": 0.0011590993963181973, "val_cls_acc_unweighted": 0.8982158787313432, "val_cls_acc_weighted": 0.720838659111193, "val_cls_rec_cls0": 0.8962317019938124, "val_cls_rec_cls1": 0.9857277943373689, "val_cls_rec_cls2": 0.6631775779339024, "val_cls_rec_cls3": 0.7630275506884865, "val_cls_rec_cls4": 0.8977898615003972, "val_cls_rec_cls5": 0.8867528150704614, "val_cls_rec_cls6": 0.32404959908243763, "val_cls_rec_cls7": 0.17588710041029804, "val_jet_wd": 12.174557748437762, "val_jet_iqr": 0.3396641493058551, "val_jet_med": -0.014196555090837833, "val_met_wd": 229.61007446289065, "val_met_iqr": 0.1241686842404306, "val_met_med": -0.07979974150657654, "learning_rate": 9.999999747378752e-05, "adam_beta_1": 0.8999999761581421}
