{"loss": 2.36313796043396, "charge_loss": 0.0006878079730086029, "cls_loss": 0.021722717210650444, "cos_phi_loss": 0.0011568970512598753, "energy_loss": 2.1191601753234863, "eta_loss": 0.0012454133247956634, "pt_loss": 0.21800462901592255, "sin_phi_loss": 0.00115773465950042, "cls_acc_unweighted": 0.8984374668843284, "cls_acc_weighted": 0.7188168973188727, "cls_rec_cls0": 0.89815017227551, "cls_rec_cls1": 0.9867682619784077, "cls_rec_cls2": 0.6579026532646539, "cls_rec_cls3": 0.7571420589885758, "cls_rec_cls4": 0.8925551937103543, "cls_rec_cls5": 0.8847182135958203, "cls_rec_cls6": 0.3214299775581716, "cls_rec_cls7": 0.18446390548607203, "val_loss": 2.3439908027648926, "val_charge_loss": 0.0007105757831595838, "val_cls_loss": 0.02182874269783497, "val_cos_phi_loss": 0.0011579006677493453, "val_energy_loss": 2.1044938564300537, "val_eta_loss": 0.001251015579327941, "val_pt_loss": 0.21339085698127747, "val_sin_phi_loss": 0.001158468541689217, "val_cls_acc_unweighted": 0.8981683544776119, "val_cls_acc_weighted": 0.7152935708537571, "val_cls_rec_cls0": 0.8976846911713493, "val_cls_rec_cls1": 0.9860500448212034, "val_cls_rec_cls2": 0.6675499297016309, "val_cls_rec_cls3": 0.7573078210758709, "val_cls_rec_cls4": 0.8895689233464577, "val_cls_rec_cls5": 0.8886053787822064, "val_cls_rec_cls6": 0.2981207956728324, "val_cls_rec_cls7": 0.15425627846160783, "val_jet_wd": 8.032835607954478, "val_jet_iqr": 0.32419008883571965, "val_jet_med": -0.0012209950571781022, "val_met_wd": 170.815525390625, "val_met_iqr": 0.1223965382669121, "val_met_med": -0.058441540226340294, "learning_rate": 9.999999747378752e-05, "adam_beta_1": 0.8999999761581421}
