{"loss": 2.19535493850708, "charge_loss": 0.0006261084927245975, "cls_loss": 0.021341120824217796, "cos_phi_loss": 0.0011543210130184889, "energy_loss": 1.9756911993026733, "eta_loss": 0.001243016915395856, "pt_loss": 0.19414477050304413, "sin_phi_loss": 0.0011550158960744739, "cls_acc_unweighted": 0.9000068997201492, "cls_acc_weighted": 0.7272102821864954, "cls_rec_cls0": 0.9009436948713793, "cls_rec_cls1": 0.9854707075614662, "cls_rec_cls2": 0.6596866529494111, "cls_rec_cls3": 0.7574596445934922, "cls_rec_cls4": 0.893364272520229, "cls_rec_cls5": 0.8904910204967977, "cls_rec_cls6": 0.3673593742928285, "cls_rec_cls7": 0.18961036757615773, "val_loss": 2.332904100418091, "val_charge_loss": 0.0006293972837738693, "val_cls_loss": 0.021416038274765015, "val_cos_phi_loss": 0.0011555097298696637, "val_energy_loss": 2.105433702468872, "val_eta_loss": 0.0012452856171876192, "val_pt_loss": 0.20186986029148102, "val_sin_phi_loss": 0.0011560518760234118, "val_cls_acc_unweighted": 0.8996126026119403, "val_cls_acc_weighted": 0.7307114881233226, "val_cls_rec_cls0": 0.8990878563898224, "val_cls_rec_cls1": 0.9849228454886275, "val_cls_rec_cls2": 0.6589156732111633, "val_cls_rec_cls3": 0.756706517047502, "val_cls_rec_cls4": 0.9027616837709128, "val_cls_rec_cls5": 0.895860141506726, "val_cls_rec_cls6": 0.3924716836768541, "val_cls_rec_cls7": 0.17734117859236215, "val_jet_wd": 10.040729865204293, "val_jet_iqr": 0.31781466719008994, "val_jet_med": 0.0014315881321687262, "val_met_wd": 175.9524245605469, "val_met_iqr": 0.12680720165371895, "val_met_med": -0.057343145832419395, "learning_rate": 9.999999747378752e-05, "adam_beta_1": 0.8999999761581421}
