{"2.1.0": {"PFelement1": {"mean": [1.0, 3.306542158126831, -0.0016281852731481194, 0.00044645098387263715, 0.008498543873429298, 4.233071804046631, 31.000581741333008, 15.700974464416504, 0.0, 0.0, 43.88750457763672, -0.002807975746691227, 0.0019595674239099026, 7.4845520430244505e-06, -0.07514938712120056, -1.0, 0.0], "std": [0.0, 14.216273307800293, 0.864812970161438, 0.7057437300682068, 0.708417534828186, 20.747175216674805, 1617.955078125, 6.582387924194336, 0.0, 0.0, 56.95081329345703, 1.3340226411819458, 2.9433951377868652, 0.0037820138968527317, 37.608154296875, 0.0, 0.0]}, "PFelement2": {"mean": [2.0, 2.568070650100708, -0.00073066825279966, -0.0011971204075962305, 0.004265286959707737, 3.290896415710449, 11.28282356262207, -0.4471941590309143, -4.9265971183776855, 1.571304440498352, 1.8862318992614746, 0.9784500598907471, 1.2197442629258148e-05, 80.69485473632812, 50.48505783081055, 50.41227722167969, 51.77717971801758], "std": [0.0, 4.781670093536377, 0.9176656603813171, 0.707072377204895, 0.70712810754776, 5.762104511260986, 1084.093505859375, 1080.34375, 1554.9664306640625, 0.6987221240997314, 3.8536908626556396, 3.2011756896972656, 0.00021397981618065387, 105.88664245605469, 72.17912292480469, 71.81172180175781, 72.6884765625]}}}
