{"2.2.0": {"PFelement1": {"mean": [1.0, 3.313861608505249, 0.0016492522554472089, 0.0001337795110885054, 0.008735032752156258, 4.222240924835205, 52.052459716796875, 15.738365173339844, 0.0, 0.0, 43.952632904052734, 0.003598652081564069, 0.0025099683552980423, 1.8601234614834539e-06, 0.06345824152231216, -1.0, 0.0, 0.0, 0.0, 0.0, 0.0, 0.0, 0.0, 0.0, 0.0, 0.0], "std": [0.0, 9.41322135925293, 0.8651331663131714, 0.707984983921051, 0.7061750888824463, 11.704730033874512, 9963.4365234375, 6.578129768371582, 0.0, 0.0, 57.3457145690918, 1.3837608098983765, 2.9924261569976807, 0.0038007558323442936, 27.722505569458008, 0.0, 0.0, 0.0, 0.0, 0.0, 0.0, 0.0, 0.0, 0.0, 0.0, 0.0]}, "PFelement2": {"mean": [2.0, 2.5798463821411133, -0.0016945624956861138, 0.0002545498718973249, 0.006834524683654308, 3.3009438514709473, 15.00655460357666, 0.9023095965385437, -5.961066722869873, 1.5725995302200317, 1.894817590713501, 0.9789467453956604, 1.2573817912198137e-05, 80.9168701171875, 50.47904586791992, 50.581722259521484, 51.96408462524414, 0.6345308423042297, 0.041190944612026215, 41.63414001464844, 41.84788513183594, 54.959861755371094, 11619.2177734375, -5.938568115234375, 1578.74169921875, 0.6185510158538818], "std": [0.0, 4.814330577850342, 0.918420672416687, 0.7074259519577026, 0.7067552208900452, 5.785495281219482, 1081.1585693359375, 1084.4302978515625, 1554.4815673828125, 0.6989641189575195, 3.899383783340454, 3.1981284618377686, 0.00021599895262625068, 106.33512878417969, 71.94786834716797, 72.29435729980469, 73.6717758178711, 0.6663865447044373, 0.045639555901288986, 61.58401870727539, 62.009708404541016, 88.85784912109375, 33432.66796875, 1562.9705810546875, 7268.15087890625, 1.1162511110305786]}}, "2.1.0": {"PFelement1": {"mean": [1.0, 3.306542158126831, -0.001628185505978763, 0.00044645112939178944, 0.008498544804751873, 4.233072757720947, 31.00058364868164, 15.700974464416504, 0.0, 0.0, 43.88750457763672, -0.0028079766780138016, 0.001959568355232477, 7.4845515882771e-06, -0.07514937967061996, -1.0, 0.0], "std": [0.0, 14.216273307800293, 0.864812970161438, 0.7057437300682068, 0.708417534828186, 20.747175216674805, 1617.955078125, 6.582387924194336, 0.0, 0.0, 56.95081329345703, 1.3340226411819458, 2.9433951377868652, 0.0037820138968527317, 37.608154296875, 0.0, 0.0]}, "PFelement2": {"mean": [2.0, 2.568070650100708, -0.000730668194591999, -0.0011971204075962305, 0.004265286028385162, 3.2908971309661865, 11.28282356262207, -0.4471946060657501, -4.926597595214844, 1.571304440498352, 1.886231780052185, 0.9784500002861023, 1.2197442629258148e-05, 80.69485473632812, 50.48505783081055, 50.41227340698242, 51.77717208862305], "std": [0.0, 4.781670093536377, 0.9176656603813171, 0.707072377204895, 0.70712810754776, 5.762104511260986, 1084.093505859375, 1080.34375, 1554.9664306640625, 0.6987221240997314, 3.8536908626556396, 3.2011756896972656, 0.00021397981618065387, 105.88664245605469, 72.17912292480469, 71.81172180175781, 72.6884765625]}}}